Player,total_overs,avg_economy,wickets,avg.runs,batsman_runs,strike
A Ashish Reddy,45.0,8.88888888888889,19.0,12.1739130434782,280.0,142.857142857142
A Chandila,39.0,6.28205128205128,11.0,2.0,4.0,57.1428571428571
A Choudhary,17.0,8.47058823529411,5.0,8.33333333333333,25.0,125.0
A Dananjaya,4.0,12.0,0.0,4.0,4.0,80.0
A Flintoff,11.0,9.63636363636363,2.0,20.6666666666666,62.0,108.771929824561
A Joseph,9.0,10.4444444444444,6.0,15.0,15.0,115.384615384615
A Kumble,163.0,6.68098159509202,49.0,2.33333333333333,35.0,71.4285714285714
A Mishra,519.0,7.41811175337186,165.0,6.81481481481481,368.0,89.7560975609756
A Mithun,48.0,9.9375,8.0,5.66666666666666,34.0,130.76923076923
A Nehra,320.0,7.928125,121.0,2.41176470588235,41.0,65.079365079365
A Nel,3.0,10.3333333333333,1.0,,,
A Roy,2.0,7.0,1.0,,,
A Singh,90.0,8.54444444444444,34.0,0.4,2.0,20.0
A Symonds,88.0,7.88636363636363,23.0,27.0555555555555,974.0,124.711907810499
A Uniyal,6.0,11.1666666666666,3.0,2.0,4.0,57.1428571428571
A Zampa,37.0,7.59459459459459,19.0,2.5,5.0,62.5
AA Chavan,42.0,8.07142857142857,8.0,4.0,12.0,109.090909090909
AA Jhunjhunwala,15.0,8.66666666666666,1.0,14.4666666666666,217.0,99.5412844036697
AA Kazi,2.0,10.5,1.0,,,
AA Noffke,4.0,10.25,1.0,9.0,9.0,75.0
AB Agarkar,131.0,8.9618320610687,33.0,9.94444444444444,179.0,111.875
AB Dinda,255.0,8.24705882352941,82.0,1.625,26.0,52.0
AB McDonald,31.0,8.48387096774193,14.0,13.6666666666666,123.0,119.417475728155
AC Gilchrist,1.0,0.0,1.0,25.8625,2069.0,133.054662379421
AC Thomas,53.0,7.84905660377358,16.0,5.0,20.0,105.263157894736
AC Voges,9.0,8.44444444444444,1.0,25.8571428571428,181.0,126.573426573426
AD Mascarenhas,52.0,7.01923076923076,19.0,7.18181818181818,79.0,100.0
AD Mathews,133.0,8.23308270676691,28.0,17.6585365853658,724.0,120.868113522537
AD Russell,175.0,9.05142857142857,60.0,27.7884615384615,1445.0,179.950186799501
AF Milne,18.0,10.2777777777777,5.0,2.33333333333333,7.0,58.3333333333333
AG Murtaza,44.0,7.31818181818181,12.0,3.33333333333333,10.0,71.4285714285714
AJ Finch,8.0,8.375,1.0,23.8904109589041,1744.0,127.113702623906
AJ Tye,99.0,8.79797979797979,43.0,7.83333333333333,94.0,130.555555555555
AL Menaria,19.0,7.57894736842105,3.0,17.4347826086956,401.0,109.264305177111
AM Nayar,39.0,8.28205128205128,9.0,13.44,672.0,114.285714285714
AM Rahane,1.0,5.0,1.0,29.1666666666666,3850.0,119.751166407465
AM Salvi,25.0,8.2,7.0,,,
AN Ahmed,58.0,8.87931034482758,15.0,6.0,36.0,133.333333333333
AP Dole,11.0,10.3636363636363,5.0,17.0,34.0,147.826086956521
AR Patel,286.0,7.63286713286713,76.0,13.0,806.0,123.053435114503
AS Rajpoot,72.0,9.2361111111111,22.0,3.6,18.0,58.0645161290322
AS Raut,5.0,9.0,0.0,12.125,194.0,112.790697674418
AUK Pathan,7.0,9.0,0.0,5.57142857142857,39.0,150.0
Abdur Razzak,2.0,14.5,0.0,0.0,0.0,0.0
Anand Rajan,25.0,8.24,10.0,,,
Ankit Sharma,64.0,7.421875,13.0,10.25,164.0,143.859649122807
Ankit Soni,19.0,7.63157894736842,4.0,2.33333333333333,7.0,77.7777777777778
Anureet Singh,69.0,9.21739130434782,21.0,4.625,37.0,78.7234042553191
Avesh Khan,26.0,10.1538461538461,5.0,4.0,4.0,133.333333333333
Azhar Mahmood,91.0,7.76923076923076,31.0,18.4761904761904,388.0,124.758842443729
B Akhil,32.0,7.6875,7.0,6.9090909090909,76.0,133.333333333333
B Chipli,1.0,20.0,0.0,13.3333333333333,280.0,109.375
B Geeves,8.0,11.375,2.0,,,
B Kumar,439.0,7.43507972665148,141.0,4.63414634146341,190.0,96.4467005076142
B Laughlin,28.0,10.4642857142857,10.0,1.25,5.0,38.4615384615384
B Lee,147.0,7.65986394557823,30.0,6.52631578947368,124.0,121.56862745098
B Stanlake,24.0,8.5,7.0,5.0,5.0,250.0
BA Bhatt,50.0,8.16,13.0,3.0,6.0,85.7142857142857
BA Stokes,98.0,8.8469387755102,29.0,20.21875,647.0,131.237322515212
BAW Mendis,41.0,7.46341463414634,9.0,1.0,3.0,50.0
BB Sran,81.0,9.7037037037037,20.0,1.57142857142857,11.0,78.5714285714285
BCJ Cutting,48.0,9.04166666666666,12.0,14.1176470588235,240.0,164.383561643835
BE Hendricks,25.0,9.56,11.0,0.5,1.0,33.3333333333333
BJ Hodge,39.0,7.94871794871795,18.0,22.2222222222222,1400.0,121.422376409366
BJ Rohrer,1.0,12.0,0.0,24.125,193.0,132.191780821917
BMAJ Mendis,5.0,7.2,1.0,7.66666666666666,23.0,85.1851851851851
BW Hilfenhaus,62.0,8.01612903225806,23.0,,,
Basil Thampi,68.0,9.79411764705882,20.0,4.57142857142857,32.0,86.4864864864865
Bipul Sharma,72.0,8.06944444444444,22.0,11.0,187.0,150.806451612903
C Ganapathy,1.0,13.0,0.0,,,
C Munro,2.0,7.5,0.0,16.3636363636363,180.0,125.0
C Nanda,8.0,7.25,2.0,0.0,0.0,0.0
C de Grandhomme,37.0,9.13513513513513,7.0,14.9047619047619,313.0,136.681222707423
CH Gayle,92.0,8.15217391304347,19.0,36.774193548387,4560.0,145.640370488661
CH Morris,214.0,8.37850467289719,78.0,14.054054054054,520.0,153.39233038348
CJ Anderson,50.0,10.64,14.0,18.551724137931,538.0,123.394495412844
CJ Jordan,33.0,9.57575757575757,14.0,1.5,3.0,60.0
CJ McKay,7.0,8.57142857142857,1.0,8.0,8.0,53.3333333333333
CK Kapugedera,3.0,16.3333333333333,0.0,5.33333333333333,16.0,66.6666666666666
CK Langeveldt,26.0,7.65384615384615,13.0,4.0,8.0,88.8888888888889
CL White,7.0,12.2857142857142,1.0,21.5777777777777,971.0,125.452196382428
CR Brathwaite,44.0,8.9090909090909,16.0,13.4285714285714,188.0,156.666666666666
CR Woakes,63.0,9.57142857142857,26.0,5.72727272727272,63.0,95.4545454545454
CRD Fernando,39.0,7.84615384615384,19.0,2.0,4.0,133.333333333333
D Kalyankrishna,8.0,11.0,2.0,3.0,3.0,37.5
D Salunkhe,8.0,10.0,1.0,11.0,33.0,137.5
D Short,3.0,9.0,1.0,17.5714285714285,123.0,120.588235294117
D Wiese,47.0,8.70212765957446,17.0,15.875,127.0,135.106382978723
D Willey,10.0,9.8,2.0,,,
D du Preez,7.0,8.0,4.0,10.0,10.0,76.9230769230769
DAJ Bracewell,4.0,8.0,3.0,12.0,12.0,133.333333333333
DB Ravi Teja,3.0,9.33333333333333,1.0,15.0,375.0,115.384615384615
DE Bollinger,97.0,7.38144329896907,43.0,5.25,21.0,91.3043478260869
DJ Bravo,437.0,8.54233409610984,168.0,15.1313131313131,1498.0,125.565800502933
DJ Harris,3.0,8.66666666666666,0.0,27.75,111.0,107.766990291262
DJ Hooda,38.0,8.36842105263157,6.0,11.8888888888888,535.0,124.129930394431
DJ Hussey,53.0,9.15094339622641,10.0,21.6721311475409,1322.0,120.072661217075
DJ Muthuswami,14.0,7.71428571428571,4.0,1.0,1.0,33.3333333333333
DJ Thornely,7.0,5.71428571428571,3.0,9.75,39.0,72.2222222222222
DJG Sammy,40.0,8.85,14.0,14.75,295.0,117.529880478087
DL Chahar,116.0,7.95689655172413,33.0,10.4285714285714,73.0,158.695652173913
DL Vettori,131.0,6.82442748091603,34.0,7.5625,121.0,102.542372881355
DNT Zoysa,11.0,9.09090909090909,2.0,5.5,11.0,122.222222222222
DP Nannes,109.0,7.47706422018348,38.0,2.0,4.0,30.7692307692307
DP Vijaykumar,26.0,7.88461538461538,4.0,1.0,1.0,100.0
DR Smith,90.0,9.16666666666666,27.0,27.1022727272727,2385.0,132.279534109816
DS Kulkarni,292.0,8.42808219178082,91.0,5.31578947368421,101.0,90.990990990991
DT Christian,131.0,8.14503816793893,36.0,13.1764705882352,448.0,116.666666666666
DW Steyn,352.0,6.9715909090909,104.0,5.1875,166.0,103.105590062111
F du Plessis,1.0,16.0,0.0,29.28125,1874.0,125.01667778519
FH Edwards,24.0,6.66666666666666,6.0,2.0,4.0,80.0
FY Fazal,2.0,10.0,1.0,16.6363636363636,183.0,102.234636871508
GB Hogg,77.0,7.59740259740259,25.0,5.5,22.0,100.0
GD McGrath,54.0,6.77777777777777,14.0,2.0,4.0,80.0
GH Vihari,6.0,6.5,1.0,13.3333333333333,280.0,86.687306501548
GJ Maxwell,70.0,8.81428571428571,17.0,20.9402985074626,1403.0,155.543237250554
GR Napier,4.0,7.0,1.0,15.0,15.0,93.75
GS Sandhu,8.0,10.75,1.0,,,
Gagandeep Singh,14.0,10.1428571428571,3.0,,,
Gurkeerat Singh,13.0,7.46153846153846,5.0,16.5185185185185,446.0,126.345609065155
H Brar,5.0,9.6,0.0,22.0,22.0,157.142857142857
H Gurney,27.0,9.14814814814814,7.0,1.0,1.0,20.0
H Vihari,1.0,9.0,0.0,2.0,4.0,50.0
H Viljoen,23.0,10.7826086956521,8.0,2.0,6.0,85.7142857142857
HH Pandya,146.0,9.48630136986301,45.0,18.327868852459,1118.0,151.902173913043
HV Patel,140.0,9.01428571428571,47.0,7.2,108.0,145.945945945945
Harbhajan Singh,563.0,7.19360568383659,161.0,9.69767441860465,834.0,131.962025316455
Harmeet Singh,89.0,8.01123595505618,30.0,4.5,18.0,150.0
Harmeet Singh (2),4.0,8.5,1.0,,,
I Malhotra,1.0,23.0,0.0,7.0,7.0,175.0
I Sharma,319.0,8.40752351097178,73.0,3.05555555555555,55.0,88.7096774193548
I Sodhi,31.0,6.67741935483871,9.0,5.0,10.0,55.5555555555555
IC Pandey,77.0,7.9090909090909,19.0,0.0,0.0,0.0
IK Pathan,345.0,7.85797101449275,99.0,14.0243902439024,1150.0,116.751269035533
Imran Tahir,206.0,8.0388349514563,82.0,2.85714285714285,20.0,74.074074074074
Iqbal Abdulla,154.0,7.3051948051948,45.0,6.76923076923076,88.0,102.325581395348
J Archer,83.0,8.14457831325301,27.0,7.72727272727272,85.0,137.096774193548
J Behrendorff,19.0,9.1578947368421,5.0,,,
J Botha,116.0,7.05172413793103,27.0,14.6071428571428,409.0,112.362637362637
J Dala,3.0,11.6666666666666,0.0,,,
J Searles,7.0,13.1428571428571,2.0,4.0,8.0,133.333333333333
J Suchith,45.0,8.82222222222222,12.0,9.0,54.0,112.5
J Syed Mohammad,32.0,8.9375,10.0,5.8,29.0,107.407407407407
J Theron,37.0,8.4054054054054,13.0,2.5,10.0,76.9230769230769
J Yadav,37.0,6.7027027027027,5.0,3.0,6.0,50.0
JA Morkel,288.0,8.36458333333333,96.0,14.5522388059701,975.0,136.938202247191
JD Ryder,40.0,7.85,11.0,20.8275862068965,604.0,129.613733905579
JD Unadkat,254.0,8.83464566929133,83.0,4.58333333333333,55.0,101.851851851851
JDP Oram,40.0,9.05,13.0,9.63636363636363,106.0,96.3636363636363
JDS Neesham,9.0,10.6666666666666,1.0,14.0,42.0,91.3043478260869
JE Taylor,20.0,8.35,6.0,1.5,3.0,75.0
JEC Franklin,26.0,8.65384615384615,9.0,20.4375,327.0,105.825242718446
JH Kallis,291.0,8.06872852233677,74.0,25.5473684210526,2427.0,105.936272370144
JJ Bumrah,292.0,7.87328767123287,91.0,3.7,37.0,94.8717948717948
JJ van der Wath,12.0,11.1666666666666,3.0,6.0,18.0,105.882352941176
JM Kemp,9.0,6.44444444444444,3.0,13.0,26.0,104.0
JO Holder,36.0,8.69444444444444,8.0,7.6,38.0,118.75
JP Duminy,115.0,7.36521739130434,23.0,27.2133333333333,2041.0,121.488095238095
JP Faulkner,209.0,8.84688995215311,76.0,11.7111111111111,527.0,129.802955665024
JR Hopes,60.0,9.36666666666666,14.0,21.9473684210526,417.0,132.8025477707
JW Hastings,10.0,6.6,3.0,,,
Jaskaran Singh,18.0,9.66666666666666,6.0,2.0,8.0,72.7272727272727
Joginder Sharma,43.0,9.7906976744186,13.0,7.2,36.0,120.0
K Ahmed,38.0,9.23684210526315,20.0,0.0,0.0,0.0
K Goel,11.0,8.54545454545454,0.0,13.625,218.0,91.2133891213389
K Gowtham,60.0,8.53333333333333,12.0,8.70588235294117,148.0,172.093023255814
K Khejroliya,16.0,10.375,3.0,,,
K Paul,28.0,9.32142857142857,9.0,4.4,22.0,84.6153846153846
K Rabada,70.0,8.55714285714285,36.0,10.0,70.0,84.3373493975903
K Santokie,8.0,11.375,3.0,,,
K Upadhyay,9.0,9.0,0.0,6.0,12.0,133.333333333333
KA Pollard,202.0,8.83663366336633,67.0,21.090909090909,2784.0,141.751527494908
KAJ Roach,8.0,10.0,0.0,10.0,10.0,111.111111111111
KC Cariappa,36.0,9.72222222222222,8.0,4.8,24.0,114.285714285714
KH Pandya,159.0,7.28930817610062,42.0,19.891304347826,915.0,144.094488188976
KJ Abbott,16.0,11.375,2.0,4.33333333333333,13.0,162.5
KK Cooper,96.0,8.21875,36.0,9.66666666666666,116.0,165.714285714285
KM Asif,6.0,12.8333333333333,3.0,,,
KMDN Kulasekara,17.0,7.17647058823529,6.0,5.0,5.0,166.666666666666
KP Appanna,36.0,8.08333333333333,11.0,0.666666666666666,2.0,50.0
KP Pietersen,29.0,7.51724137931034,9.0,27.8055555555555,1001.0,132.058047493403
KS Williamson,1.0,7.0,0.0,32.170731707317,1319.0,134.454638124362
KV Sharma,187.0,7.92513368983957,59.0,9.3235294117647,317.0,111.228070175438
KW Richardson,53.0,8.49056603773585,20.0,9.0,36.0,92.3076923076922
Kamran Khan,28.0,8.85714285714285,14.0,3.0,3.0,60.0
Karanveer Singh,34.0,9.5,14.0,3.0,12.0,70.5882352941176
Kuldeep Yadav,138.0,8.5,42.0,5.75,46.0,83.6363636363636
L Ablish,7.0,10.8571428571428,5.0,0.0,0.0,0.0
L Balaji,256.0,8.13671875,85.0,2.76923076923076,36.0,72.0
L Ferguson,17.0,11.2941176470588,2.0,,,
L Livingstone,1.0,13.0,0.0,18.0,72.0,150.0
L Ngidi,26.0,6.73076923076923,13.0,,,
L Plunkett,25.0,9.4,4.0,0.5,1.0,33.3333333333333
LA Carseldine,1.0,6.0,1.0,16.2,81.0,114.084507042253
LH Ferguson,13.0,7.38461538461538,5.0,1.0,1.0,100.0
LJ Wright,12.0,10.4166666666666,2.0,21.2,106.0,168.253968253968
LMP Simmons,3.0,11.3333333333333,1.0,37.2068965517241,1079.0,122.892938496583
LPC Silva,1.0,21.0,0.0,13.3333333333333,40.0,148.148148148148
LR Shukla,54.0,8.48148148148148,17.0,12.2727272727272,405.0,113.128491620111
LRPL Taylor,2.0,12.0,0.0,18.8333333333333,1017.0,120.070838252656
M Ali,39.0,6.97435897435897,13.0,22.2142857142857,311.0,169.945355191256
M Ashwin,70.0,8.14285714285714,15.0,0.8,4.0,50.0
M Kartik,192.0,7.38541666666666,39.0,8.07142857142857,113.0,103.669724770642
M Lomror,3.0,9.0,0.0,9.33333333333333,28.0,116.666666666666
M Manhas,7.0,6.0,0.0,13.5263157894736,514.0,105.761316872427
M Markande,50.0,8.96,16.0,4.42857142857142,31.0,103.333333333333
M Morkel,272.0,7.85294117647058,88.0,6.3,126.0,135.483870967741
M Muralitharan,256.0,6.89453125,67.0,2.22222222222222,20.0,66.6666666666666
M Ntini,35.0,7.34285714285714,8.0,5.5,11.0,57.8947368421052
M Santner,14.0,7.5,4.0,17.5,35.0,140.0
M Ur Rahman,61.0,8.40983606557376,18.0,3.0,12.0,109.090909090909
M Vijay,6.0,8.16666666666666,0.0,25.392156862745,2590.0,119.685767097966
M Wood,4.0,13.0,0.0,3.0,3.0,60.0
M de Lange,18.0,9.5,6.0,1.0,1.0,50.0
MA Khote,5.0,10.4,2.0,8.0,24.0,109.090909090909
MA Starc,97.0,7.47422680412371,39.0,8.72727272727272,96.0,97.9591836734693
MB Parmar,3.0,11.0,0.0,,,
MC Henriques,151.0,8.31125827814569,42.0,19.38,969.0,126.007802340702
MF Maharoof,70.0,7.6,33.0,12.6428571428571,177.0,142.74193548387
MG Johnson,208.0,8.40865384615384,66.0,6.0,168.0,100.0
MG Neser,4.0,15.5,0.0,,,
MJ Clarke,11.0,6.54545454545454,3.0,16.3333333333333,98.0,102.083333333333
MJ Henry,5.0,14.2,2.0,,,
MJ McClenaghan,213.0,8.77464788732394,75.0,4.55,91.0,124.657534246575
MK Tiwary,7.0,12.2857142857142,1.0,20.4457831325301,1697.0,113.969106783075
MM Patel,227.0,7.63436123348017,82.0,3.25,39.0,95.1219512195122
MM Sharma,293.0,8.38566552901024,99.0,4.96,124.0,103.333333333333
MN Samuels,36.0,7.91666666666666,10.0,11.5,161.0,92.5287356321839
MP Stoinis,62.0,9.48387096774193,16.0,19.28,482.0,129.222520107238
MR Marsh,54.0,7.77777777777777,20.0,16.0714285714285,225.0,111.940298507462
MS Gony,148.0,8.89864864864865,39.0,6.6,99.0,130.263157894736
Mandeep Singh,2.0,13.0,0.0,18.6385542168674,1547.0,123.365231259968
Mashrafe Mortaza,4.0,14.75,1.0,2.0,2.0,100.0
Mohammad Asif,32.0,9.59375,9.0,1.5,3.0,50.0
Mohammad Hafeez,10.0,7.1,2.0,8.0,64.0,76.1904761904761
Mohammad Nabi,46.0,6.82608695652173,11.0,14.6,146.0,153.684210526315
Mohammed Shami,173.0,9.24277456647398,52.0,3.375,54.0,100.0
Mohammed Siraj,93.0,9.67741935483871,30.0,5.66666666666666,34.0,89.4736842105263
Mustafizur Rahman,92.0,7.57608695652173,28.0,1.0,1.0,33.3333333333333
N Rana,16.0,7.75,7.0,26.9268292682926,1104.0,132.215568862275
N Saini,48.0,9.04166666666666,12.0,11.9166666666666,143.0,97.2789115646258
NB Singh,4.0,4.5,1.0,,,
ND Doshi,10.0,7.9,2.0,0.0,0.0,0.0
NJ Rimmington,3.0,6.66666666666666,0.0,1.0,1.0,100.0
NL McCullum,5.0,7.0,0.0,13.0,26.0,113.043478260869
NLTC Perera,119.0,8.66386554621848,37.0,14.1333333333333,424.0,130.061349693251
NM Coulter-Nile,95.0,7.77894736842105,39.0,4.72727272727272,52.0,98.1132075471698
O Thomas,10.0,9.4,5.0,,,
P Amarnath,22.0,10.9545454545454,7.0,,,
P Awana,125.0,8.368,43.0,1.0,5.0,35.7142857142857
P Krishna,69.0,9.92753623188406,16.0,0.5,1.0,14.2857142857142
P Kumar,424.0,7.88207547169811,102.0,5.96491228070175,340.0,105.263157894736
P Negi,121.0,7.92561983471074,38.0,10.4571428571428,366.0,121.594684385382
P Parameswaran,27.0,8.37037037037037,9.0,0.5,1.0,33.3333333333333
P Prasanth,1.0,18.0,0.0,,,
P R Barman,4.0,14.0,0.0,20.0,20.0,80.0
P Raj,5.0,12.0,1.0,0.0,0.0,0.0
P Sahu,18.0,8.44444444444444,3.0,9.5,19.0,146.153846153846
P Suyal,16.0,9.625,2.0,,,
PC Valthaty,26.0,7.96153846153846,7.0,21.9565217391304,505.0,116.898148148148
PD Collingwood,15.0,6.73333333333333,5.0,29.0,203.0,127.672955974842
PJ Cummins,61.0,8.60655737704918,19.0,8.55555555555555,77.0,137.5
PJ Sangwan,134.0,8.97014925373134,41.0,1.92307692307692,25.0,60.9756097560975
PM Sarvesh Kumar,5.0,8.4,1.0,1.0,1.0,50.0
PP Chawla,525.0,7.91047619047618,156.0,7.82666666666666,587.0,108.502772643253
PP Ojha,318.0,7.5440251572327,99.0,0.842105263157894,16.0,35.5555555555555
PV Tambe,110.0,7.87272727272727,28.0,3.0,18.0,46.1538461538461
Pankaj Singh,50.0,9.44,11.0,1.4,7.0,58.3333333333333
Parvez Rasool,33.0,8.27272727272727,4.0,4.25,17.0,85.0
R Ashwin,489.0,6.93456032719836,138.0,7.64,382.0,109.142857142857
R Bhatia,274.0,7.51459854014598,82.0,7.27659574468085,342.0,117.931034482758
R Dhawan,82.0,7.98780487804878,20.0,9.5625,153.0,113.333333333333
R McLaren,59.0,9.45762711864406,14.0,12.2307692307692,159.0,89.3258426966292
R Ninan,6.0,10.8333333333333,3.0,3.0,3.0,50.0
R Parag,14.0,8.64285714285714,2.0,33.8,169.0,127.067669172932
R Rampaul,44.0,7.25,17.0,7.28571428571428,51.0,98.076923076923
R Salam,4.0,11.25,0.0,5.0,5.0,125.0
R Sathish,24.0,9.70833333333333,6.0,11.25,270.0,114.406779661016
R Sharma,155.0,7.09677419354838,42.0,3.47368421052631,66.0,85.7142857142857
R Shukla,20.0,10.85,7.0,4.75,19.0,82.6086956521739
R Tewatia,50.0,7.22,16.0,9.91666666666666,119.0,127.956989247311
R Vinay Kumar,358.0,8.5,127.0,7.4047619047619,311.0,107.612456747404
RA Jadeja,420.0,7.66904761904761,116.0,15.6079999999999,1951.0,119.546568627451
RA Shaikh,1.0,11.0,0.0,,,
RA Tripathi,1.0,12.0,0.0,23.3636363636363,771.0,135.026269702276
RD Chahar,54.0,6.96296296296296,15.0,3.0,15.0,115.384615384615
RE van der Merwe,74.0,6.95945945945946,25.0,10.6,159.0,110.416666666666
RG More,6.0,10.5,1.0,2.0,2.0,100.0
RG Sharma,56.0,8.01785714285714,16.0,27.0,4914.0,128.77358490566
RJ Harris,139.0,7.80575539568345,47.0,5.57142857142857,117.0,104.464285714285
RJ Peterson,8.0,8.75,3.0,6.4,32.0,100.0
RN ten Doeschate,13.0,7.23076923076923,3.0,15.5238095238095,326.0,136.974789915966
RP Singh,299.0,8.08361204013378,100.0,1.85714285714285,52.0,66.6666666666666
RR Bhatkal,2.0,17.5,0.0,0.0,0.0,0.0
RR Bose,2.0,12.0,0.0,,,
RR Powar,71.0,7.57746478873239,15.0,7.44444444444444,67.0,104.6875
RR Raje,24.0,8.91666666666666,7.0,4.0,20.0,111.111111111111
RS Bopara,35.0,8.6,13.0,24.1363636363636,531.0,113.461538461538
RS Gavaskar,1.0,8.0,0.0,2.0,2.0,25.0
RV Gomez,16.0,8.125,6.0,5.55555555555555,50.0,94.3396226415094
RW Price,3.0,11.0,0.0,,,
Rashid Khan,183.0,6.86885245901639,60.0,6.41176470588235,109.0,162.686567164179
S Aravind,128.0,8.2578125,48.0,5.9,59.0,100.0
S Badree,43.0,7.65116279069767,11.0,2.6,13.0,52.0
S Curran,34.0,9.88235294117647,11.0,11.875,95.0,172.727272727272
S Dhawan,8.0,9.0,4.0,29.3164556962025,4632.0,122.669491525423
S Dube,2.0,4.5,0.0,10.0,40.0,121.212121212121
S Gopal,99.0,7.6060606060606,39.0,9.35714285714285,131.0,109.166666666666
S Kaul,164.0,8.76219512195121,53.0,1.71428571428571,12.0,42.8571428571428
S Kaushik,34.0,8.94117647058823,6.0,0.0,0.0,0.0
S Kuggeleijn,8.0,9.125,2.0,,,
S Ladda,23.0,9.78260869565217,5.0,0.0,0.0,0.0
S Lamichhane,35.0,8.65714285714285,14.0,0.0,0.0,0.0
S Mavi,28.0,10.2857142857142,7.0,4.33333333333333,13.0,86.6666666666666
S Midhun,2.0,16.0,0.0,,,
S Nadeem,211.0,7.53080568720379,47.0,1.88235294117647,32.0,40.506329113924
S Narwal,18.0,11.2777777777777,6.0,9.25,37.0,127.586206896551
S Rana,3.0,6.0,0.0,11.375,91.0,110.975609756097
S Randiv,29.0,7.68965517241379,8.0,2.0,2.0,50.0
S Rutherford,7.0,9.42857142857142,1.0,11.7142857142857,82.0,149.090909090909
S Sharma,43.0,8.53488372093023,13.0,4.0,8.0,200.0
S Sreesanth,148.0,8.25,43.0,2.83333333333333,34.0,59.6491228070175
S Sriram,3.0,16.3333333333333,0.0,15.5,31.0,81.578947368421
S Tyagi,35.0,8.68571428571428,6.0,3.0,3.0,75.0
S Vidyut,2.0,11.0,1.0,18.125,145.0,126.086956521739
S Warrier,12.0,7.33333333333333,2.0,,,
SA Abbott,5.0,11.4,0.0,7.5,15.0,115.384615384615
SA Yadav,1.0,8.0,0.0,14.4761904761904,608.0,126.931106471816
SB Bangar,25.0,8.84,6.0,7.0,49.0,84.4827586206896
SB Jakati,182.0,8.09890109890109,50.0,5.6,28.0,93.3333333333333
SB Joshi,10.0,8.2,1.0,3.0,6.0,37.5
SB Styris,36.0,7.72222222222222,9.0,13.1,131.0,97.7611940298507
SB Wagh,17.0,8.64705882352941,5.0,1.0,2.0,66.6666666666666
SC Ganguly,46.0,8.04347826086956,12.0,24.0892857142857,1349.0,101.734539969834
SD Chitnis,6.0,10.3333333333333,2.0,12.375,99.0,107.608695652173
SE Bond,31.0,7.25806451612903,9.0,1.0,1.0,50.0
SJ Srivastava,47.0,9.4468085106383,15.0,1.25,5.0,100.0
SK Raina,155.0,7.34838709677419,30.0,28.6507936507936,5415.0,133.902077151335
SK Trivedi,252.0,7.71428571428571,73.0,3.0,42.0,68.8524590163934
SK Warne,199.0,7.36180904522612,60.0,7.33333333333333,198.0,90.4109589041095
SL Malinga,478.0,7.34518828451882,188.0,4.4,88.0,85.4368932038834
SM Boland,7.0,8.0,3.0,,,
SM Harwood,10.0,7.4,3.0,4.5,9.0,64.2857142857142
SM Pollock,46.0,6.67391304347826,13.0,18.375,147.0,126.724137931034
SMSM Senanayake,32.0,6.59375,9.0,2.5,10.0,58.8235294117647
SN Khan,1.0,6.0,0.0,18.9090909090909,416.0,142.955326460481
SN Thakur,119.0,9.30252100840336,40.0,5.14285714285714,36.0,171.428571428571
SP Narine,429.0,6.85081585081585,137.0,14.8703703703703,803.0,166.943866943866
SPD Smith,1.0,5.0,0.0,28.4305555555555,2047.0,126.670792079207
SR Tendulkar,6.0,9.83333333333333,0.0,29.9230769230769,2334.0,114.187866927592
SR Watson,341.0,8.0674486803519,107.0,27.8,3614.0,136.945812807881
SS Agarwal,4.0,10.5,1.0,,,
SS Mundhe,1.0,6.0,1.0,,,
SS Sarkar,5.0,6.8,1.0,,,
ST Jayasuriya,49.0,8.08163265306122,16.0,25.6,768.0,134.031413612565
STR Binny,99.0,7.74747474747474,28.0,13.3636363636363,882.0,126.0
SW Tait,81.0,8.24691358024691,26.0,4.6,23.0,88.4615384615384
Sachin Baby,2.0,4.0,3.0,13.7,137.0,129.245283018867
Sandeep Sharma,249.0,7.89959839357429,90.0,1.85714285714285,26.0,65.0
Shahid Afridi,30.0,7.9,9.0,9.0,81.0,176.086956521739
Shakib Al Hasan,224.0,7.52232142857142,66.0,16.5,759.0,123.414634146341
Shivam Sharma,19.0,8.68421052631579,4.0,2.5,5.0,166.666666666666
Shoaib Ahmed,17.0,9.05882352941176,5.0,0.333333333333333,1.0,16.6666666666666
Shoaib Akhtar,7.0,7.71428571428571,5.0,2.0,2.0,25.0
Shoaib Malik,9.0,9.66666666666666,2.0,10.4,52.0,106.122448979591
Sohail Tanvir,42.0,6.54761904761904,24.0,7.2,36.0,116.129032258064
Sunny Gupta,3.0,15.6666666666666,0.0,0.0,0.0,0.0
Swapnil Singh,10.0,9.0,1.0,4.0,12.0,60.0
T Curran,11.0,11.0,6.0,6.0,24.0,85.7142857142857
T Henderson,6.0,6.83333333333333,1.0,5.5,11.0,68.75
T Natarajan,13.0,8.92307692307692,2.0,,,
T Shamsi,16.0,9.4375,3.0,,,
T Thushara,23.0,7.13043478260869,10.0,3.0,12.0,63.157894736842
TA Boult,128.0,9.125,41.0,3.0,12.0,85.7142857142857
TG Southee,148.0,9.05405405405405,34.0,8.84615384615384,115.0,126.373626373626
TL Suman,25.0,7.92,7.0,17.3333333333333,676.0,115.161839863713
TM Dilshan,46.0,8.0,5.0,23.06,1153.0,110.124164278892
TM Head,9.0,9.0,3.0,20.5,205.0,135.761589403973
TP Sudhindra,12.0,11.4166666666666,1.0,,,
TS Mills,18.0,8.72222222222222,5.0,2.66666666666666,8.0,72.7272727272727
Tejas Baroka,4.0,8.25,0.0,,,
UT Yadav,416.0,8.75,136.0,3.84848484848484,127.0,95.4887218045112
Umar Gul,23.0,8.60869565217391,14.0,9.75,39.0,205.263157894736
V Chakravarthy,3.0,11.6666666666666,1.0,,,
V Kohli,43.0,8.62790697674418,5.0,32.1538461538461,5434.0,129.04298266445
V Pratap Singh,34.0,8.8235294117647,12.0,0.0,0.0,0.0
V Sehwag,23.0,10.2608695652173,6.0,26.2307692307692,2728.0,148.827059465357
V Shankar,14.0,11.0,2.0,21.2592592592592,574.0,133.799533799533
VR Aaron,155.0,8.98064516129032,44.0,4.9,49.0,77.7777777777778
VRV Singh,60.0,9.15,16.0,2.0,4.0,133.333333333333
VS Malik,35.0,7.65714285714285,6.0,3.5,7.0,100.0
VS Yeligati,5.0,12.2,0.0,2.0,2.0,100.0
VY Mahesh,58.0,8.8103448275862,22.0,3.0,15.0,53.5714285714285
WA Mota,12.0,8.16666666666666,4.0,7.0,56.0,73.6842105263157
WD Parnell,97.0,7.5360824742268,31.0,5.25,63.0,78.75
WPUJC Vaas,48.0,7.58333333333333,22.0,7.36363636363636,81.0,110.958904109589
Washington Sundar,59.0,7.91525423728813,17.0,6.58333333333333,79.0,141.071428571428
Y Gnaneswara Rao,1.0,7.0,0.0,19.0,19.0,105.555555555555
Y Nagar,11.0,11.3636363636363,4.0,14.25,285.0,105.166051660516
Y Venugopal Rao,36.0,9.38888888888889,7.0,18.9423076923076,985.0,113.872832369942
YA Abdulla,35.0,8.88571428571428,15.0,0.0,0.0,0.0
YK Pathan,193.0,7.47668393782383,46.0,21.1830065359477,3241.0,138.860325621251
YS Chahal,301.0,8.0265780730897,102.0,1.83333333333333,22.0,44.8979591836734
Yuvraj Singh,146.0,7.47945205479451,39.0,21.9444444444444,2765.0,125.283189850475
Z Khan,371.0,7.70889487870619,119.0,4.33333333333333,117.0,82.9787234042553
J Bairstow,,,,46.8,468.0,159.726962457337
DA Warner,,,,37.6269841269841,4741.0,139.523248969982
SE Marsh,,,,36.0724637681159,2489.0,130.109775222164
HM Amla,,,,36.0625,577.0,138.038277511961
KL Rahul,,,,34.7068965517241,2013.0,137.406143344709
ML Hayden,,,,34.59375,1107.0,131.942789034564
MEK Hussey,,,,34.0862068965517,1977.0,119.963592233009
MN van Wyk,,,,33.4,167.0,123.703703703703
RR Pant,,,,33.1851851851851,1792.0,162.31884057971
CA Lynn,,,,31.9024390243902,1308.0,139.297124600639
JC Buttler,,,,31.8,1431.0,150.0
AB de Villiers,,,,31.1830985915492,4428.0,148.740342626805
Q de Kock,,,,29.78,1489.0,131.073943661971
N Pooran,,,,29.5,177.0,160.90909090909
E Lewis,,,,29.0,464.0,135.276967930029
AS Yadav,,,,28.8857142857142,1011.0,133.026315789473
SS Iyer,,,,28.0983606557377,1714.0,125.109489051094
G Gambhir,,,,27.9668874172185,4223.0,119.835414301929
Salman Butt,,,,27.5714285714285,193.0,112.209302325581
BB McCullum,,,,26.5412844036697,2893.0,127.332746478873
R Dravid,,,,26.5121951219512,2174.0,113.3472367049
MS Dhoni,,,,26.335294117647,4477.0,134.930681133212
RV Uthappa,,,,26.1529411764705,4446.0,127.319587628865
GC Smith,,,,25.4827586206896,739.0,106.946454413892
SV Samson,,,,25.3977272727272,2235.0,129.340277777777
A Hales,,,,25.3333333333333,152.0,127.731092436974
KC Sangakkara,,,,24.8088235294117,1687.0,118.469101123595
P Shaw,,,,24.64,616.0,141.609195402298
HH Gibbs,,,,24.6111111111111,886.0,105.854241338112
DA Miller,,,,24.3506493506493,1875.0,136.26453488372
MK Pandey,,,,24.1344537815126,2872.0,118.432989690721
AT Rayudu,,,,24.1014492753623,3326.0,124.058187243565
KK Nair,,,,23.3333333333333,1470.0,126.724137931034
JJ Roy,,,,23.25,186.0,133.812949640287
DPMD Jayawardene,,,,23.1794871794871,1808.0,118.791064388961
MJ Lumb,,,,23.1666666666666,278.0,140.40404040404
OA Shah,,,,23.0,506.0,124.938271604938
KD Karthik,,,,22.7654320987654,3688.0,127.612456747404
M Vohra,,,,22.5777777777777,1016.0,127.0
S Gill,,,,22.4782608695652,517.0,134.635416666666
SA Asnodkar,,,,22.2631578947368,423.0,120.170454545454
S Badrinath,,,,22.1692307692307,1441.0,115.74297188755
SM Katich,,,,21.9090909090909,241.0,126.178010471204
AP Majumdar,,,,21.75,87.0,112.987012987013
Ishan Kishan,,,,21.5454545454545,711.0,130.21978021978
Kamran Akmal,,,,21.3333333333333,128.0,164.102564102564
UT Khawaja,,,,21.1666666666666,127.0,120.95238095238
PA Patel,,,,21.1323529411764,2874.0,117.594108019639
MJ Guptill,,,,20.8461538461538,271.0,137.563451776649
MS Bisla,,,,20.4615384615384,798.0,108.276797829036
Niraj Patel,,,,20.1666666666666,121.0,97.5806451612903
SS Tiwary,,,,19.9375,1276.0,114.851485148514
SP Fleming,,,,19.6,196.0,114.619883040935
YV Takawale,,,,19.2,192.0,104.918032786885
WP Saha,,,,19.1397849462365,1780.0,128.798842257597
DR Martyn,,,,19.0,19.0,73.076923076923
EJG Morgan,,,,18.9777777777777,854.0,117.793103448275
LA Pomersbach,,,,18.875,302.0,120.318725099601
S Hetmyer,,,,18.6,93.0,122.368421052631
GJ Bailey,,,,18.4166666666666,663.0,120.108695652173
S Sohal,,,,18.4,368.0,118.327974276527
M Klinger,,,,18.25,73.0,93.5897435897435
RR Sarwan,,,,18.25,73.0,93.5897435897435
BJ Haddin,,,,18.0,18.0,163.636363636363
MC Juneja,,,,17.8571428571428,125.0,93.2835820895522
SW Billings,,,,17.7894736842105,338.0,132.03125
CA Pujara,,,,17.7272727272727,390.0,96.774193548387
MA Agarwal,,,,17.7222222222222,1276.0,124.245374878286
AC Blizzard,,,,17.1428571428571,120.0,131.868131868131
MV Boucher,,,,17.1304347826086,394.0,123.899371069182
S Singh,,,,17.0,17.0,94.4444444444444
NV Ojha,,,,16.5425531914893,1555.0,114.338235294117
PA Reddy,,,,16.4,164.0,98.2035928143712
W Jaffer,,,,16.25,130.0,100.775193798449
SP Goswami,,,,15.8421052631578,301.0,99.6688741721854
Anirudh Singh,,,,15.75,63.0,91.3043478260869
BB Samantray,,,,15.625,125.0,107.758620689655
KM Jadhav,,,,15.5857142857142,1091.0,124.118316268486
C Ingram,,,,15.5833333333333,187.0,119.108280254777
C Madan,,,,15.0,15.0,71.4285714285714
SD Lad,,,,15.0,15.0,115.384615384615
UBT Chand,,,,15.0,300.0,95.5414012738853
TR Birt,,,,15.0,75.0,127.118644067796
RJ Quiney,,,,14.7142857142857,103.0,98.095238095238
Misbah-ul-Haq,,,,14.625,117.0,142.682926829268
VH Zol,,,,14.5,29.0,111.538461538461
VVS Laxman,,,,14.1,282.0,104.059040590405
AB Barath,,,,14.0,42.0,97.6744186046511
MD Mishra,,,,13.9411764705882,237.0,111.267605633802
RE Levi,,,,13.8333333333333,83.0,112.162162162162
DB Das,,,,13.8181818181818,304.0,113.857677902621
BR Dunk,,,,13.3333333333333,40.0,111.111111111111
DJ Jacobs,,,,13.1428571428571,92.0,91.0891089108911
CM Gautam,,,,13.0,169.0,106.962025316455
SP Jackson,,,,12.6666666666666,38.0,122.58064516129
AP Tare,,,,12.5555555555555,339.0,118.947368421052
CJ Ferguson,,,,12.25,98.0,82.3529411764705
ER Dwivedi,,,,12.0,24.0,160.0
AR Bawne,,,,12.0,12.0,100.0
M Kaif,,,,11.7727272727272,259.0,100.387596899224
Yashpal Singh,,,,11.75,47.0,70.1492537313433
NS Naik,,,,11.5,23.0,69.6969696969697
S Anirudha,,,,11.3333333333333,136.0,112.396694214876
H Klaasen,,,,11.3333333333333,68.0,117.241379310344
IR Jaggi,,,,10.8571428571428,76.0,76.0
RR Rossouw,,,,10.6,53.0,103.921568627451
P Dogra,,,,10.5833333333333,127.0,90.0709219858156
R Singh,,,,10.4285714285714,73.0,107.35294117647
T Taibu,,,,10.3333333333333,31.0,119.230769230769
PR Shah,,,,10.2222222222222,92.0,94.8453608247422
RT Ponting,,,,10.1111111111111,91.0,70.5426356589147
X Thalaivan Sargunam,,,,10.0,10.0,58.8235294117647
DH Yagnik,,,,10.0,170.0,119.718309859154
AA Bilakhia,,,,9.85714285714285,69.0,78.4090909090909
AG Paunikar,,,,9.8,49.0,80.327868852459
A Mukund,,,,9.5,19.0,82.6086956521739
AD Nath,,,,9.1,91.0,91.9191919191919
DS Lehmann,,,,9.0,18.0,94.7368421052631
A Chopra,,,,8.83333333333333,53.0,70.6666666666666
B Sumanth,,,,8.75,35.0,92.1052631578947
Sunny Singh,,,,8.6,43.0,138.709677419354
S Chanderpaul,,,,8.33333333333333,25.0,75.7575757575757
D Shorey,,,,8.0,16.0,80.0
P Chopra,,,,8.0,8.0,133.333333333333
N Naik,,,,8.0,8.0,47.0588235294117
J Arunkumar,,,,7.66666666666666,23.0,95.8333333333333
MS Wade,,,,7.33333333333333,22.0,66.6666666666666
CA Ingram,,,,7.0,21.0,80.7692307692307
UA Birla,,,,7.0,7.0,46.6666666666666
MDKJ Perera,,,,7.0,14.0,107.692307692307
L Ronchi,,,,6.8,34.0,91.8918918918919
NJ Maddinson,,,,6.66666666666666,20.0,95.2380952380952
Harpreet Singh,,,,6.66666666666666,20.0,76.9230769230769
DT Patil,,,,6.5,13.0,100.0
KB Arun Karthik,,,,6.375,51.0,96.2264150943396
Vishnu Vinod,,,,6.33333333333333,19.0,73.076923076923
R Bishnoi,,,,6.33333333333333,19.0,111.764705882352
PSP Handscomb,,,,6.0,6.0,50.0
DM Bravo,,,,6.0,6.0,120.0
SS Shaikh,,,,6.0,6.0,85.7142857142857
TD Paine,,,,5.0,10.0,34.4827586206896
M Rawat,,,,5.0,55.0,78.5714285714285
F Behardien,,,,4.66666666666666,14.0,107.692307692307
R Bhui,,,,4.0,8.0,44.4444444444444
RS Sodhi,,,,4.0,4.0,200.0
T Kohli,,,,3.66666666666666,11.0,55.0
AN Ghosh,,,,3.5,7.0,87.5
Younis Khan,,,,3.0,3.0,42.8571428571428
TM Srivastava,,,,2.66666666666666,8.0,72.7272727272727
Mohammad Ashraful,,,,2.0,2.0,16.6666666666666
H Das,,,,2.0,2.0,40.0
A Turner,,,,1.0,4.0,36.3636363636363
U Kaul,,,,0.0,0.0,0.0
J Denly,,,,0.0,0.0,0.0
