Player,total_overs,avg_economy,wickets,avg.runs,batsman_runs,strike,rpw
S Lamichhane,35,8.657142857,14,0,0,0,0
C Nanda,8,7.25,2,0,0,0,0
IC Pandey,77,7.909090909,19,0,0,0,0
YA Abdulla,35,8.885714286,15,0,0,0,0
P Raj,5,12,1,0,0,0,0
K Ahmed,38,9.236842105,20,0,0,0,0
S Ladda,23,9.782608696,5,0,0,0,0
S Kaushik,34,8.941176471,6,0,0,0,0
L Ablish,7,10.85714286,5,0,0,0,0
V Pratap Singh,34,8.823529412,12,0,0,0,0
ND Doshi,10,7.9,2,0,0,0,0
Mustafizur Rahman,92,7.576086957,28,1,1,33.33333333,0.035714286
A Singh,90,8.544444444,34,0.4,2,20,0.058823529
P Krishna,69,9.927536232,16,0.5,1,14.28571429,0.0625
BE Hendricks,25,9.56,11,0.5,1,33.33333333,0.090909091
DP Nannes,109,7.47706422,38,2,4,30.76923077,0.105263158
P Parameswaran,27,8.37037037,9,0.5,1,33.33333333,0.111111111
SE Bond,31,7.258064516,9,1,1,50,0.111111111
P Awana,125,8.368,43,1,5,35.71428571,0.11627907
H Gurney,27,9.148148148,7,1,1,20,0.142857143
PP Ojha,318,7.544025157,99,0.842105263,16,35.55555556,0.161616162
M de Lange,18,9.5,6,1,1,50,0.166666667
KP Appanna,36,8.083333333,11,0.666666667,2,50,0.181818182
Shoaib Ahmed,17,9.058823529,5,0.333333333,1,16.66666667,0.2
LH Ferguson,13,7.384615385,5,1,1,100,0.2
CRD Fernando,39,7.846153846,19,2,4,133.3333333,0.210526316
Kamran Khan,28,8.857142857,14,3,3,60,0.214285714
CJ Jordan,33,9.575757576,14,1.5,3,60,0.214285714
YS Chahal,301,8.026578073,102,1.833333333,22,44.89795918,0.215686275
S Kaul,164,8.762195122,53,1.714285714,12,42.85714286,0.226415094
Imran Tahir,206,8.038834951,82,2.857142857,20,74.07407407,0.243902439
S Randiv,29,7.689655172,8,2,2,50,0.25
L Plunkett,25,9.4,4,0.5,1,33.33333333,0.25
DJ Muthuswami,14,7.714285714,4,1,1,33.33333333,0.25
VRV Singh,60,9.15,16,2,4,133.3333333,0.25
DP Vijaykumar,26,7.884615385,4,1,1,100,0.25
A Zampa,37,7.594594595,19,2.5,5,62.5,0.263157895
M Ashwin,70,8.142857143,15,0.8,4,50,0.266666667
GD McGrath,54,6.777777778,14,2,4,80,0.285714286
Sandeep Sharma,249,7.899598394,90,1.857142857,26,65,0.288888889
TA Boult,128,9.125,41,3,12,85.71428571,0.292682927
M Muralitharan,256,6.89453125,67,2.222222222,20,66.66666667,0.298507463
AB Dinda,255,8.247058824,82,1.625,26,52,0.317073171
SJ Srivastava,47,9.446808511,15,1.25,5,100,0.333333333
BAW Mendis,41,7.463414634,9,1,3,50,0.333333333
Mohammad Asif,32,9.59375,9,1.5,3,50,0.333333333
A Nehra,320,7.928125,121,2.411764706,41,65.07936508,0.338842975
A Chandila,39,6.282051282,11,2,4,57.14285714,0.363636364
SB Wagh,17,8.647058824,5,1,2,66.66666667,0.4
Shoaib Akhtar,7,7.714285714,5,2,2,25,0.4
JJ Bumrah,292,7.873287671,91,3.7,37,94.87179487,0.406593407
L Balaji,256,8.13671875,85,2.769230769,36,72,0.423529412
BA Bhatt,50,8.16,13,3,6,85.71428571,0.461538462
SL Malinga,478,7.345188285,188,4.4,88,85.4368932,0.468085106
MM Patel,227,7.634361233,82,3.25,39,95.12195122,0.475609756
DE Bollinger,97,7.381443299,43,5.25,21,91.30434783,0.488372093
S Tyagi,35,8.685714286,6,3,3,75,0.5
B Laughlin,28,10.46428571,10,1.25,5,38.46153846,0.5
JE Taylor,20,8.35,6,1.5,3,75,0.5
RP Singh,299,8.08361204,100,1.857142857,52,66.66666667,0.52
BB Sran,81,9.703703704,20,1.571428571,11,78.57142857,0.55
SB Jakati,182,8.098901099,50,5.6,28,93.33333333,0.56
SK Trivedi,252,7.714285714,73,3,42,68.85245902,0.575342466
Harmeet Singh,89,8.011235955,30,4.5,18,150,0.6
PJ Sangwan,134,8.970149254,41,1.923076923,25,60.97560976,0.609756098
S Sharma,43,8.534883721,13,4,8,200,0.615384615
CK Langeveldt,26,7.653846154,13,4,8,88.88888889,0.615384615
Pankaj Singh,50,9.44,11,1.4,7,58.33333333,0.636363636
PV Tambe,110,7.872727273,28,3,18,46.15384615,0.642857143
JD Unadkat,254,8.834645669,83,4.583333333,55,101.8518519,0.662650602
M Ur Rahman,61,8.409836066,18,3,12,109.0909091,0.666666667
FH Edwards,24,6.666666667,6,2,4,80,0.666666667
S Nadeem,211,7.530805687,47,1.882352941,32,40.50632911,0.680851064
VY Mahesh,58,8.810344828,22,3,15,53.57142857,0.681818182
B Stanlake,24,8.5,7,5,5,250,0.714285714
A Kumble,163,6.680981595,49,2.333333333,35,71.42857143,0.714285714
H Viljoen,23,10.7826087,8,2,6,85.71428571,0.75
I Sharma,319,8.407523511,73,3.055555556,55,88.70967742,0.753424658
J Theron,37,8.405405405,13,2.5,10,76.92307692,0.769230769
S Sreesanth,148,8.25,43,2.833333333,34,59.64912281,0.790697674
Avesh Khan,26,10.15384615,5,4,4,133.3333333,0.8
AS Rajpoot,72,9.236111111,22,3.6,18,58.06451613,0.818181818
AG Murtaza,44,7.318181818,12,3.333333333,10,71.42857143,0.833333333
KMDN Kulasekara,17,7.176470588,6,5,5,166.6666667,0.833333333
Karanveer Singh,34,9.5,14,3,12,70.58823529,0.857142857
GB Hogg,77,7.597402597,25,5.5,22,100,0.88
SW Tait,81,8.24691358,26,4.6,23,88.46153846,0.884615385
SN Thakur,119,9.302521008,40,5.142857143,36,171.4285714,0.9
UT Yadav,416,8.75,136,3.848484848,127,95.4887218,0.933823529
Z Khan,371,7.708894879,119,4.333333333,117,82.9787234,0.983193277
PM Sarvesh Kumar,5,8.4,1,1,1,50,1
R Ninan,6,10.83333333,3,3,3,50,1
RD Chahar,54,6.962962963,15,3,15,115.3846154,1
Mohammed Shami,173,9.242774566,52,3.375,54,100,1.038461538
Kuldeep Yadav,138,8.5,42,5.75,46,83.63636364,1.095238095
DS Kulkarni,292,8.428082192,91,5.315789474,101,90.99099099,1.10989011
SMSM Senanayake,32,6.59375,9,2.5,10,58.82352941,1.111111111
I Sodhi,31,6.677419355,9,5,10,55.55555556,1.111111111
VR Aaron,155,8.980645161,44,4.9,49,77.77777778,1.113636364
Mohammed Siraj,93,9.677419355,30,5.666666667,34,89.47368421,1.133333333
VS Malik,35,7.657142857,6,3.5,7,100,1.166666667
S Badree,43,7.651162791,11,2.6,13,52,1.181818182
T Thushara,23,7.130434783,10,3,12,63.15789474,1.2
J Yadav,37,6.702702703,5,3,6,50,1.2
MJ McClenaghan,213,8.774647887,75,4.55,91,124.6575342,1.213333333
S Aravind,128,8.2578125,48,5.9,59,100,1.229166667
Shivam Sharma,19,8.684210526,4,2.5,5,166.6666667,1.25
AC Thomas,53,7.849056604,16,5,20,105.2631579,1.25
MM Sharma,293,8.385665529,99,4.96,124,103.3333333,1.252525253
A Uniyal,6,11.16666667,3,2,4,57.14285714,1.333333333
NM Coulter-Nile,95,7.778947368,39,4.727272727,52,98.11320755,1.333333333
Jaskaran Singh,18,9.666666667,6,2,8,72.72727273,1.333333333
B Kumar,439,7.435079727,141,4.634146341,190,96.44670051,1.34751773
M Ntini,35,7.342857143,8,5.5,11,57.89473684,1.375
AF Milne,18,10.27777778,5,2.333333333,7,58.33333333,1.4
M Morkel,272,7.852941176,88,6.3,126,135.483871,1.431818182
AA Chavan,42,8.071428571,8,4,12,109.0909091,1.5
Sohail Tanvir,42,6.547619048,24,7.2,36,116.1290323,1.5
D Kalyankrishna,8,11,2,3,3,37.5,1.5
R Sharma,155,7.096774194,42,3.473684211,66,85.71428571,1.571428571
DW Steyn,352,6.971590909,104,5.1875,166,103.1055901,1.596153846
Basil Thampi,68,9.794117647,20,4.571428571,32,86.48648649,1.6
TS Mills,18,8.722222222,5,2.666666667,8,72.72727273,1.6
Ankit Soni,19,7.631578947,4,2.333333333,7,77.77777778,1.75
Anureet Singh,69,9.217391304,21,4.625,37,78.72340426,1.761904762
KW Richardson,53,8.490566038,20,9,36,92.30769231,1.8
Rashid Khan,183,6.868852459,60,6.411764706,109,162.6865672,1.816666667
S Mavi,28,10.28571429,7,4.333333333,13,86.66666667,1.857142857
M Markande,50,8.96,16,4.428571429,31,103.3333333,1.9375
K Rabada,70,8.557142857,36,10,70,84.3373494,1.944444444
Iqbal Abdulla,154,7.305194805,45,6.769230769,88,102.3255814,1.955555556
Mashrafe Mortaza,4,14.75,1,2,2,100,2
RG More,6,10.5,1,2,2,100,2
WD Parnell,97,7.536082474,31,5.25,63,78.75,2.032258065
AJ Tye,99,8.797979798,43,7.833333333,94,130.5555556,2.186046512
DL Chahar,116,7.956896552,33,10.42857143,73,158.6956522,2.212121212
A Mishra,519,7.418111753,165,6.814814815,368,89.75609756,2.23030303
HV Patel,140,9.014285714,47,7.2,108,145.9459459,2.29787234
AN Ahmed,58,8.879310345,15,6,36,133.3333333,2.4
CR Woakes,63,9.571428571,26,5.727272727,63,95.45454545,2.423076923
K Paul,28,9.321428571,9,4.4,22,84.61538462,2.444444444
R Vinay Kumar,358,8.5,127,7.404761905,311,107.6124567,2.448818898
MA Starc,97,7.474226804,39,8.727272727,96,97.95918367,2.461538462
RJ Harris,139,7.805755396,47,5.571428571,117,104.4642857,2.489361702
A Joseph,9,10.44444444,6,15,15,115.3846154,2.5
D du Preez,7,8,4,10,10,76.92307692,2.5
MS Gony,148,8.898648649,39,6.6,99,130.2631579,2.538461538
MG Johnson,208,8.408653846,66,6,168,100,2.545454545
R Shukla,20,10.85,7,4.75,19,82.60869565,2.714285714
R Ashwin,489,6.934560327,138,7.64,382,109.1428571,2.768115942
Joginder Sharma,43,9.790697674,13,7.2,36,120,2.769230769
Umar Gul,23,8.608695652,14,9.75,39,205.2631579,2.785714286
RR Raje,24,8.916666667,7,4,20,111.1111111,2.857142857
M Kartik,192,7.385416667,39,8.071428571,113,103.6697248,2.897435897
J Syed Mohammad,32,8.9375,10,5.8,29,107.4074074,2.9
R Rampaul,44,7.25,17,7.285714286,51,98.07692308,3
SM Harwood,10,7.4,3,4.5,9,64.28571429,3
KC Cariappa,36,9.722222222,8,4.8,24,114.2857143,3
J Archer,83,8.144578313,27,7.727272727,85,137.0967742,3.148148148
KK Cooper,96,8.21875,36,9.666666667,116,165.7142857,3.222222222
SK Warne,199,7.361809045,60,7.333333333,198,90.4109589,3.3
P Kumar,424,7.882075472,102,5.964912281,340,105.2631579,3.333333333
S Gopal,99,7.606060606,39,9.357142857,131,109.1666667,3.358974359
TG Southee,148,9.054054054,34,8.846153846,115,126.3736264,3.382352941
DL Vettori,131,6.824427481,34,7.5625,121,102.5423729,3.558823529
WPUJC Vaas,48,7.583333333,22,7.363636364,81,110.9589041,3.681818182
PP Chawla,525,7.91047619,156,7.826666667,587,108.5027726,3.762820513
J Searles,7,13.14285714,2,4,8,133.3333333,4
DAJ Bracewell,4,8,3,12,12,133.3333333,4
T Curran,11,11,6,6,24,85.71428571,4
PJ Cummins,61,8.606557377,19,8.555555556,77,137.5,4.052631579
B Lee,147,7.659863946,30,6.526315789,124,121.5686275,4.133333333
AD Mascarenhas,52,7.019230769,19,7.181818182,79,100,4.157894737
R Bhatia,274,7.51459854,82,7.276595745,342,117.9310345,4.170731707
Parvez Rasool,33,8.272727273,4,4.25,17,85,4.25
A Mithun,48,9.9375,8,5.666666667,34,130.7692308,4.25
RR Powar,71,7.577464789,15,7.444444444,67,104.6875,4.466666667
J Suchith,45,8.822222222,12,9,54,112.5,4.5
Washington Sundar,59,7.915254237,17,6.583333333,79,141.0714286,4.647058824
JO Holder,36,8.694444444,8,7.6,38,118.75,4.75
A Choudhary,17,8.470588235,5,8.333333333,25,125,5
Harbhajan Singh,563,7.193605684,161,9.697674419,834,131.9620253,5.180124224
MF Maharoof,70,7.6,33,12.64285714,177,142.7419355,5.363636364
KV Sharma,187,7.92513369,59,9.323529412,317,111.2280702,5.372881356
AB Agarkar,131,8.961832061,33,9.944444444,179,111.875,5.424242424
DNT Zoysa,11,9.090909091,2,5.5,11,122.2222222,5.5
SP Narine,429,6.850815851,137,14.87037037,803,166.9438669,5.861313869
JJ van der Wath,12,11.16666667,3,6,18,105.8823529,6
SB Joshi,10,8.2,1,3,6,37.5,6
S Narwal,18,11.27777778,6,9.25,37,127.5862069,6.166666667
P Sahu,18,8.444444444,3,9.5,19,146.1538462,6.333333333
RE van der Merwe,74,6.959459459,25,10.6,159,110.4166667,6.36
KJ Abbott,16,11.375,2,4.333333333,13,162.5,6.5
CH Morris,214,8.378504673,78,14.05405405,520,153.3923304,6.666666667
AP Dole,11,10.36363636,5,17,34,147.826087,6.8
JP Faulkner,209,8.846889952,76,11.71111111,527,129.8029557,6.934210526
R Tewatia,50,7.22,16,9.916666667,119,127.9569892,7.4375
D Wiese,47,8.70212766,17,15.875,127,135.106383,7.470588235
R Dhawan,82,7.987804878,20,9.5625,153,113.3333333,7.65
CJ McKay,7,8.571428571,1,8,8,53.33333333,8
JDP Oram,40,9.05,13,9.636363636,106,96.36363636,8.153846154
SB Bangar,25,8.84,6,7,49,84.48275862,8.166666667
RV Gomez,16,8.125,6,5.555555556,50,94.33962264,8.333333333
Bipul Sharma,72,8.069444444,22,11,187,150.8064516,8.5
S Curran,34,9.882352941,11,11.875,95,172.7272727,8.636363636
JM Kemp,9,6.444444444,3,13,26,104,8.666666667
M Santner,14,7.5,4,17.5,35,140,8.75
AB McDonald,31,8.483870968,14,13.66666667,123,119.4174757,8.785714286
DJ Bravo,437,8.542334096,168,15.13131313,1498,125.5658005,8.916666667
AA Noffke,4,10.25,1,9,9,75,9
Shahid Afridi,30,7.9,9,9,81,176.0869565,9
P Negi,121,7.925619835,38,10.45714286,366,121.5946844,9.631578947
JA Morkel,288,8.364583333,96,14.55223881,975,136.9382022,10.15625
AR Patel,286,7.632867133,76,13,806,123.0534351,10.60526316
RJ Peterson,8,8.75,3,6.4,32,100,10.66666667
B Akhil,32,7.6875,7,6.909090909,76,133.3333333,10.85714286
T Henderson,6,6.833333333,1,5.5,11,68.75,11
MR Marsh,54,7.777777778,20,16.07142857,225,111.9402985,11.25
SM Pollock,46,6.673913043,13,18.375,147,126.7241379,11.30769231
R McLaren,59,9.457627119,14,12.23076923,159,89.3258427,11.35714286
NLTC Perera,119,8.663865546,37,14.13333333,424,130.0613497,11.45945946
Shakib Al Hasan,224,7.522321429,66,16.5,759,123.4146341,11.5
IK Pathan,345,7.857971014,99,14.02439024,1150,116.751269,11.61616162
CR Brathwaite,44,8.909090909,16,13.42857143,188,156.6666667,11.75
N Saini,48,9.041666667,12,11.91666667,143,97.27891156,11.91666667
Swapnil Singh,10,9,1,4,12,60,12
MA Khote,5,10.4,2,8,24,109.0909091,12
K Gowtham,60,8.533333333,12,8.705882353,148,172.0930233,12.33333333
DT Christian,131,8.145038168,36,13.17647059,448,116.6666667,12.44444444
Azhar Mahmood,91,7.769230769,31,18.47619048,388,124.7588424,12.51612903
Ankit Sharma,64,7.421875,13,10.25,164,143.8596491,12.61538462
DJ Thornely,7,5.714285714,3,9.75,39,72.22222222,13
Mohammad Nabi,46,6.826086957,11,14.6,146,153.6842105,13.27272727
WA Mota,12,8.166666667,4,7,56,73.68421053,14
SB Styris,36,7.722222222,9,13.1,131,97.76119403,14.55555556
A Ashish Reddy,45,8.888888889,19,12.17391304,280,142.8571429,14.73684211
GR Napier,4,7,1,15,15,93.75,15
J Botha,116,7.051724138,27,14.60714286,409,112.3626374,15.14814815
MN Samuels,36,7.916666667,10,11.5,161,92.52873563,16.1
RA Jadeja,420,7.669047619,116,15.608,1951,119.5465686,16.81896552
BCJ Cutting,48,9.041666667,12,14.11764706,240,164.3835616,20
DJG Sammy,40,8.85,14,14.75,295,117.5298805,21.07142857
KH Pandya,159,7.289308176,42,19.89130435,915,144.0944882,21.78571429
BA Stokes,98,8.846938776,29,20.21875,647,131.2373225,22.31034483
BMAJ Mendis,5,7.2,1,7.666666667,23,85.18518519,23
MC Henriques,151,8.311258278,42,19.38,969,126.0078023,23.07142857
LR Shukla,54,8.481481481,17,12.27272727,405,113.1284916,23.82352941
M Ali,39,6.974358974,13,22.21428571,311,169.9453552,23.92307692
AD Russell,175,9.051428571,60,27.78846154,1445,179.9501868,24.08333333
HH Pandya,146,9.48630137,45,18.32786885,1118,151.9021739,24.84444444
AD Mathews,133,8.233082707,28,17.65853659,724,120.8681135,25.85714286
Shoaib Malik,9,9.666666667,2,10.4,52,106.122449,26
JR Hopes,60,9.366666667,14,21.94736842,417,132.8025478,29.78571429
MP Stoinis,62,9.483870968,16,19.28,482,129.2225201,30.125
A Flintoff,11,9.636363636,2,20.66666667,62,108.7719298,31
STR Binny,99,7.747474747,28,13.36363636,882,126,31.5
Mohammad Hafeez,10,7.1,2,8,64,76.19047619,32
MJ Clarke,11,6.545454545,3,16.33333333,98,102.0833333,32.66666667
JH Kallis,291,8.068728522,74,25.54736842,2427,105.9362724,32.7972973
D Salunkhe,8,10,1,11,33,137.5,33
SR Watson,341,8.06744868,107,27.8,3614,136.9458128,33.77570093
JEC Franklin,26,8.653846154,9,20.4375,327,105.8252427,36.33333333
CJ Anderson,50,10.64,14,18.55172414,538,123.3944954,38.42857143
PD Collingwood,15,6.733333333,5,29,203,127.672956,40.6
RS Bopara,35,8.6,13,24.13636364,531,113.4615385,40.84615385
KA Pollard,202,8.836633663,67,21.09090909,2784,141.7515275,41.55223881
JDS Neesham,9,10.66666667,1,14,42,91.30434783,42
A Symonds,88,7.886363636,23,27.05555556,974,124.7119078,42.34782609
C de Grandhomme,37,9.135135135,7,14.9047619,313,136.6812227,44.71428571
R Sathish,24,9.708333333,6,11.25,270,114.4067797,45
Sachin Baby,2,4,3,13.7,137,129.245283,45.66666667
ST Jayasuriya,49,8.081632653,16,25.6,768,134.0314136,48
SD Chitnis,6,10.33333333,2,12.375,99,107.6086957,49.5
LJ Wright,12,10.41666667,2,21.2,106,168.2539683,53
JD Ryder,40,7.85,11,20.82758621,604,129.6137339,54.90909091
TM Head,9,9,3,20.5,205,135.7615894,68.33333333
YK Pathan,193,7.476683938,46,21.18300654,3241,138.8603256,70.45652174
Yuvraj Singh,146,7.479452055,39,21.94444444,2765,125.2831899,70.8974359
Y Nagar,11,11.36363636,4,14.25,285,105.1660517,71.25
PC Valthaty,26,7.961538462,7,21.95652174,505,116.8981481,72.14285714
AM Nayar,39,8.282051282,9,13.44,672,114.2857143,74.66666667
BJ Hodge,39,7.948717949,18,22.22222222,1400,121.4223764,77.77777778
LA Carseldine,1,6,1,16.2,81,114.084507,81
S Rutherford,7,9.428571429,1,11.71428571,82,149.0909091,82
GJ Maxwell,70,8.814285714,17,20.94029851,1403,155.5432373,82.52941176
R Parag,14,8.642857143,2,33.8,169,127.0676692,84.5
DR Smith,90,9.166666667,27,27.10227273,2385,132.2795341,88.33333333
JP Duminy,115,7.365217391,23,27.21333333,2041,121.4880952,88.73913043
DJ Hooda,38,8.368421053,6,11.88888889,535,124.1299304,89.16666667
Gurkeerat Singh,13,7.461538462,5,16.51851852,446,126.3456091,89.2
TL Suman,25,7.92,7,17.33333333,676,115.1618399,96.57142857
RN ten Doeschate,13,7.230769231,3,15.52380952,326,136.9747899,108.6666667
KP Pietersen,29,7.517241379,9,27.80555556,1001,132.0580475,111.2222222
SC Ganguly,46,8.043478261,12,24.08928571,1349,101.73454,112.4166667
D Short,3,9,1,17.57142857,123,120.5882353,123
DJ Hussey,53,9.150943396,10,21.67213115,1322,120.0726612,132.2
AL Menaria,19,7.578947368,3,17.43478261,401,109.2643052,133.6666667
Y Venugopal Rao,36,9.388888889,7,18.94230769,985,113.8728324,140.7142857
S Vidyut,2,11,1,18.125,145,126.0869565,145
N Rana,16,7.75,7,26.92682927,1104,132.2155689,157.7142857
SK Raina,155,7.348387097,30,28.65079365,5415,133.9020772,180.5
AC Voges,9,8.444444444,1,25.85714286,181,126.5734266,181
FY Fazal,2,10,1,16.63636364,183,102.2346369,183
AA Jhunjhunwala,15,8.666666667,1,14.46666667,217,99.5412844,217
TM Dilshan,46,8,5,23.06,1153,110.1241643,230.6
CH Gayle,92,8.152173913,19,36.77419355,4560,145.6403705,240
GH Vihari,6,6.5,1,13.33333333,280,86.6873065,280
V Shankar,14,11,2,21.25925926,574,133.7995338,287
RG Sharma,56,8.017857143,16,27,4914,128.7735849,307.125
DB Ravi Teja,3,9.333333333,1,15,375,115.3846154,375
V Sehwag,23,10.26086957,6,26.23076923,2728,148.8270595,454.6666667
CL White,7,12.28571429,1,21.57777778,971,125.4521964,971
LMP Simmons,3,11.33333333,1,37.20689655,1079,122.8929385,1079
V Kohli,43,8.627906977,5,32.15384615,5434,129.0429827,1086.8
S Dhawan,8,9,4,29.3164557,4632,122.6694915,1158
MK Tiwary,7,12.28571429,1,20.44578313,1697,113.9691068,1697
AJ Finch,8,8.375,1,23.89041096,1744,127.1137026,1744
AC Gilchrist,1,0,1,25.8625,2069,133.0546624,2069
AM Rahane,1,5,1,29.16666667,3850,119.7511664,3850
SR Tendulkar,6,9.833333333,0,29.92307692,2334,114.1878669,inf
SA Yadav,1,8,0,14.47619048,608,126.9311065,inf
SA Abbott,5,11.4,0,7.5,15,115.3846154,inf
I Malhotra,1,23,0,7,7,175,inf
S Sriram,3,16.33333333,0,15.5,31,81.57894737,inf
VS Yeligati,5,12.2,0,2,2,100,inf
S Dube,2,4.5,0,10,40,121.2121212,inf
KAJ Roach,8,10,0,10,10,111.1111111,inf
S Rana,3,6,0,11.375,91,110.9756098,inf
Y Gnaneswara Rao,1,7,0,19,19,105.5555556,inf
NJ Rimmington,3,6.666666667,0,1,1,100,inf
K Upadhyay,9,9,0,6,12,133.3333333,inf
NL McCullum,5,7,0,13,26,113.0434783,inf
P R Barman,4,14,0,20,20,80,inf
A Dananjaya,4,12,0,4,4,80,inf
Mandeep Singh,2,13,0,18.63855422,1547,123.3652313,inf
AS Raut,5,9,0,12.125,194,112.7906977,inf
AUK Pathan,7,9,0,5.571428571,39,150,inf
H Vihari,1,9,0,2,4,50,inf
LPC Silva,1,21,0,13.33333333,40,148.1481481,inf
DJ Harris,3,8.666666667,0,27.75,111,107.7669903,inf
SN Khan,1,6,0,18.90909091,416,142.9553265,inf
LRPL Taylor,2,12,0,18.83333333,1017,120.0708383,inf
RS Gavaskar,1,8,0,2,2,25,inf
F du Plessis,1,16,0,29.28125,1874,125.0166778,inf
CK Kapugedera,3,16.33333333,0,5.333333333,16,66.66666667,inf
M Lomror,3,9,0,9.333333333,28,116.6666667,inf
L Livingstone,1,13,0,18,72,150,inf
M Manhas,7,6,0,13.52631579,514,105.7613169,inf
RA Tripathi,1,12,0,23.36363636,771,135.0262697,inf
C Munro,2,7.5,0,16.36363636,180,125,inf
M Vijay,6,8.166666667,0,25.39215686,2590,119.6857671,inf
BJ Rohrer,1,12,0,24.125,193,132.1917808,inf
KS Williamson,1,7,0,32.17073171,1319,134.4546381,inf
M Wood,4,13,0,3,3,60,inf
R Salam,4,11.25,0,5,5,125,inf
B Chipli,1,20,0,13.33333333,280,109.375,inf
H Brar,5,9.6,0,22,22,157.1428571,inf
SPD Smith,1,5,0,28.43055556,2047,126.6707921,inf
K Goel,11,8.545454545,0,13.625,218,91.21338912,inf
A Nel,3,10.33333333,1,,,,
A Roy,2,7,1,,,,
AA Kazi,2,10.5,1,,,,
AM Salvi,25,8.2,7,,,,
Abdur Razzak,2,14.5,0,0,0,0,
Anand Rajan,25,8.24,10,,,,
B Geeves,8,11.375,2,,,,
BW Hilfenhaus,62,8.016129032,23,,,,
C Ganapathy,1,13,0,,,,
D Willey,10,9.8,2,,,,
GS Sandhu,8,10.75,1,,,,
Gagandeep Singh,14,10.14285714,3,,,,
Harmeet Singh (2),4,8.5,1,,,,
J Behrendorff,19,9.157894737,5,,,,
J Dala,3,11.66666667,0,,,,
JW Hastings,10,6.6,3,,,,
K Khejroliya,16,10.375,3,,,,
K Santokie,8,11.375,3,,,,
KM Asif,6,12.83333333,3,,,,
L Ferguson,17,11.29411765,2,,,,
L Ngidi,26,6.730769231,13,,,,
MB Parmar,3,11,0,,,,
MG Neser,4,15.5,0,,,,
MJ Henry,5,14.2,2,,,,
NB Singh,4,4.5,1,,,,
O Thomas,10,9.4,5,,,,
P Amarnath,22,10.95454545,7,,,,
P Prasanth,1,18,0,,,,
P Suyal,16,9.625,2,,,,
RA Shaikh,1,11,0,,,,
RR Bhatkal,2,17.5,0,0,0,0,
RR Bose,2,12,0,,,,
RW Price,3,11,0,,,,
S Kuggeleijn,8,9.125,2,,,,
S Midhun,2,16,0,,,,
S Warrier,12,7.333333333,2,,,,
SM Boland,7,8,3,,,,
SS Agarwal,4,10.5,1,,,,
SS Mundhe,1,6,1,,,,
SS Sarkar,5,6.8,1,,,,
Sunny Gupta,3,15.66666667,0,0,0,0,
T Natarajan,13,8.923076923,2,,,,
T Shamsi,16,9.4375,3,,,,
TP Sudhindra,12,11.41666667,1,,,,
Tejas Baroka,4,8.25,0,,,,
V Chakravarthy,3,11.66666667,1,,,,
J Bairstow,,,,46.8,468,159.7269625,
DA Warner,,,,37.62698413,4741,139.523249,
SE Marsh,,,,36.07246377,2489,130.1097752,
HM Amla,,,,36.0625,577,138.0382775,
KL Rahul,,,,34.70689655,2013,137.4061433,
ML Hayden,,,,34.59375,1107,131.942789,
MEK Hussey,,,,34.0862069,1977,119.9635922,
MN van Wyk,,,,33.4,167,123.7037037,
RR Pant,,,,33.18518519,1792,162.3188406,
CA Lynn,,,,31.90243902,1308,139.2971246,
JC Buttler,,,,31.8,1431,150,
AB de Villiers,,,,31.18309859,4428,148.7403426,
Q de Kock,,,,29.78,1489,131.0739437,
N Pooran,,,,29.5,177,160.9090909,
E Lewis,,,,29,464,135.2769679,
AS Yadav,,,,28.88571429,1011,133.0263158,
SS Iyer,,,,28.09836066,1714,125.1094891,
G Gambhir,,,,27.96688742,4223,119.8354143,
Salman Butt,,,,27.57142857,193,112.2093023,
BB McCullum,,,,26.5412844,2893,127.3327465,
R Dravid,,,,26.51219512,2174,113.3472367,
MS Dhoni,,,,26.33529412,4477,134.9306811,
RV Uthappa,,,,26.15294118,4446,127.3195876,
GC Smith,,,,25.48275862,739,106.9464544,
SV Samson,,,,25.39772727,2235,129.3402778,
A Hales,,,,25.33333333,152,127.7310924,
KC Sangakkara,,,,24.80882353,1687,118.4691011,
P Shaw,,,,24.64,616,141.6091954,
HH Gibbs,,,,24.61111111,886,105.8542413,
DA Miller,,,,24.35064935,1875,136.2645349,
MK Pandey,,,,24.13445378,2872,118.4329897,
AT Rayudu,,,,24.10144928,3326,124.0581872,
KK Nair,,,,23.33333333,1470,126.7241379,
JJ Roy,,,,23.25,186,133.8129496,
DPMD Jayawardene,,,,23.17948718,1808,118.7910644,
MJ Lumb,,,,23.16666667,278,140.4040404,
OA Shah,,,,23,506,124.9382716,
KD Karthik,,,,22.7654321,3688,127.6124567,
M Vohra,,,,22.57777778,1016,127,
S Gill,,,,22.47826087,517,134.6354167,
SA Asnodkar,,,,22.26315789,423,120.1704545,
S Badrinath,,,,22.16923077,1441,115.7429719,
SM Katich,,,,21.90909091,241,126.1780105,
AP Majumdar,,,,21.75,87,112.987013,
Ishan Kishan,,,,21.54545455,711,130.2197802,
Kamran Akmal,,,,21.33333333,128,164.1025641,
UT Khawaja,,,,21.16666667,127,120.952381,
PA Patel,,,,21.13235294,2874,117.594108,
MJ Guptill,,,,20.84615385,271,137.5634518,
MS Bisla,,,,20.46153846,798,108.2767978,
Niraj Patel,,,,20.16666667,121,97.58064516,
SS Tiwary,,,,19.9375,1276,114.8514851,
SP Fleming,,,,19.6,196,114.619883,
YV Takawale,,,,19.2,192,104.9180328,
WP Saha,,,,19.13978495,1780,128.7988423,
DR Martyn,,,,19,19,73.07692308,
EJG Morgan,,,,18.97777778,854,117.7931034,
LA Pomersbach,,,,18.875,302,120.3187251,
S Hetmyer,,,,18.6,93,122.3684211,
GJ Bailey,,,,18.41666667,663,120.1086957,
S Sohal,,,,18.4,368,118.3279743,
M Klinger,,,,18.25,73,93.58974359,
RR Sarwan,,,,18.25,73,93.58974359,
BJ Haddin,,,,18,18,163.6363636,
MC Juneja,,,,17.85714286,125,93.28358209,
SW Billings,,,,17.78947368,338,132.03125,
CA Pujara,,,,17.72727273,390,96.77419355,
MA Agarwal,,,,17.72222222,1276,124.2453749,
AC Blizzard,,,,17.14285714,120,131.8681319,
MV Boucher,,,,17.13043478,394,123.8993711,
S Singh,,,,17,17,94.44444444,
NV Ojha,,,,16.54255319,1555,114.3382353,
PA Reddy,,,,16.4,164,98.20359281,
W Jaffer,,,,16.25,130,100.7751938,
SP Goswami,,,,15.84210526,301,99.66887417,
Anirudh Singh,,,,15.75,63,91.30434783,
BB Samantray,,,,15.625,125,107.7586207,
KM Jadhav,,,,15.58571429,1091,124.1183163,
C Ingram,,,,15.58333333,187,119.1082803,
C Madan,,,,15,15,71.42857143,
SD Lad,,,,15,15,115.3846154,
UBT Chand,,,,15,300,95.54140127,
TR Birt,,,,15,75,127.1186441,
RJ Quiney,,,,14.71428571,103,98.0952381,
Misbah-ul-Haq,,,,14.625,117,142.6829268,
VH Zol,,,,14.5,29,111.5384615,
VVS Laxman,,,,14.1,282,104.0590406,
AB Barath,,,,14,42,97.6744186,
MD Mishra,,,,13.94117647,237,111.2676056,
RE Levi,,,,13.83333333,83,112.1621622,
DB Das,,,,13.81818182,304,113.8576779,
BR Dunk,,,,13.33333333,40,111.1111111,
DJ Jacobs,,,,13.14285714,92,91.08910891,
CM Gautam,,,,13,169,106.9620253,
SP Jackson,,,,12.66666667,38,122.5806452,
AP Tare,,,,12.55555556,339,118.9473684,
CJ Ferguson,,,,12.25,98,82.35294118,
ER Dwivedi,,,,12,24,160,
AR Bawne,,,,12,12,100,
M Kaif,,,,11.77272727,259,100.3875969,
Yashpal Singh,,,,11.75,47,70.14925373,
NS Naik,,,,11.5,23,69.6969697,
S Anirudha,,,,11.33333333,136,112.3966942,
H Klaasen,,,,11.33333333,68,117.2413793,
IR Jaggi,,,,10.85714286,76,76,
RR Rossouw,,,,10.6,53,103.9215686,
P Dogra,,,,10.58333333,127,90.07092199,
R Singh,,,,10.42857143,73,107.3529412,
T Taibu,,,,10.33333333,31,119.2307692,
PR Shah,,,,10.22222222,92,94.84536082,
RT Ponting,,,,10.11111111,91,70.54263566,
X Thalaivan Sargunam,,,,10,10,58.82352941,
DH Yagnik,,,,10,170,119.7183099,
AA Bilakhia,,,,9.857142857,69,78.40909091,
AG Paunikar,,,,9.8,49,80.32786885,
A Mukund,,,,9.5,19,82.60869565,
AD Nath,,,,9.1,91,91.91919192,
DS Lehmann,,,,9,18,94.73684211,
A Chopra,,,,8.833333333,53,70.66666667,
B Sumanth,,,,8.75,35,92.10526316,
Sunny Singh,,,,8.6,43,138.7096774,
S Chanderpaul,,,,8.333333333,25,75.75757576,
D Shorey,,,,8,16,80,
P Chopra,,,,8,8,133.3333333,
N Naik,,,,8,8,47.05882353,
J Arunkumar,,,,7.666666667,23,95.83333333,
MS Wade,,,,7.333333333,22,66.66666667,
CA Ingram,,,,7,21,80.76923077,
UA Birla,,,,7,7,46.66666667,
MDKJ Perera,,,,7,14,107.6923077,
L Ronchi,,,,6.8,34,91.89189189,
NJ Maddinson,,,,6.666666667,20,95.23809524,
Harpreet Singh,,,,6.666666667,20,76.92307692,
DT Patil,,,,6.5,13,100,
KB Arun Karthik,,,,6.375,51,96.22641509,
Vishnu Vinod,,,,6.333333333,19,73.07692308,
R Bishnoi,,,,6.333333333,19,111.7647059,
PSP Handscomb,,,,6,6,50,
DM Bravo,,,,6,6,120,
SS Shaikh,,,,6,6,85.71428571,
TD Paine,,,,5,10,34.48275862,
M Rawat,,,,5,55,78.57142857,
F Behardien,,,,4.666666667,14,107.6923077,
R Bhui,,,,4,8,44.44444444,
RS Sodhi,,,,4,4,200,
T Kohli,,,,3.666666667,11,55,
AN Ghosh,,,,3.5,7,87.5,
Younis Khan,,,,3,3,42.85714286,
TM Srivastava,,,,2.666666667,8,72.72727273,
Mohammad Ashraful,,,,2,2,16.66666667,
H Das,,,,2,2,40,
A Turner,,,,1,4,36.36363636,
U Kaul,,,,0,0,0,
J Denly,,,,0,0,0,
